uuid,frame_no,subtask,x_loss,y_loss,w_loss,h_loss,confidence
f9ca50f9-79cc-477c-ace5-a7945445930d,49,5cc39db8a5c183455342c266,1.1404377222061157,0.7923652529716492,0.07404609024524689,0.0873115137219429,0.7184288501739502
72751393-0adb-4eaa-9b30-9056bdf2f711,49,5cc39db8a5c183455342c266,2.7640953063964844,1.8183757066726685,0.4289623200893402,1.208598017692566,0.9974242448806763
843c1c73-cc18-4dee-a357-4cb9a7c50af4,49,5cc39db8a5c183455342c266,1.3875967264175415,0.8161447644233704,0.035613562911748886,0.0010647348826751113,0.9222707748413086
ff3904ab-39d1-4f5f-971b-35ddad84aa24,49,5cc39db8a5c183455342c266,0.9618695378303528,0.443610280752182,0.06623106449842453,0.02829821966588497,0.9938593506813049
ba126ff4-25be-43da-b0de-7fe91661e691,49,5cc39db8a5c183455342c266,1.044068694114685,1.3325858116149902,0.007434878498315811,0.09964226186275482,0.9462162256240845
4a39cd6f-5a94-4115-a87f-f79748b4fe49,49,5cc39db8a5c183455342c266,0.6017301678657532,1.3245266675949097,0.011994085274636745,0.009473738260567188,0.9605178833007812
db27dc94-d932-4e28-8014-bc744fb72edf,49,5cc39db8a5c183455342c266,1.8843376636505127,1.3250441551208496,1.121280312538147,0.7123264670372009,0.9869317412376404
e2ca1a6e-89cd-497a-a8ad-e3777f9c86b7,49,5cc39db8a5c183455342c266,1.399582862854004,0.7838058471679688,0.0002311496646143496,0.14250953495502472,0.9643764495849609
ba126ff4-25be-43da-b0de-7fe91661e691,6,5cc39db8a5c183455342c266,1.5054728984832764,1.2072913646697998,0.24780498445034027,0.4767754375934601,0.9996323585510254
6d11061f-58d1-4bfd-9c86-d02e3ed906a8,6,5cc39db8a5c183455342c266,1.5490736961364746,1.6133520603179932,0.06486888974905014,0.0017126324819400907,0.9684466123580933
7aafecef-9e70-43f6-91b8-34ef4d2ce88c,6,5cc39db8a5c183455342c266,1.9098149538040161,1.6146527528762817,3.20799408655148e-05,0.015062485821545124,0.9854150414466858
2d3c17bb-952f-431d-b75d-fd39d0803f82,6,5cc39db8a5c183455342c266,1.4062079191207886,1.4700998067855835,0.0017137484392151237,0.0009125836077146232,0.5000404119491577
9b2d3c08-a25e-4e22-8d31-560a64641d95,6,5cc39db8a5c183455342c266,0.754609227180481,0.1819605976343155,0.29278886318206787,0.7574350833892822,0.950345516204834
48f3a935-2e5b-4cc0-9fac-b18ff9d31c2f,6,5cc39db8a5c183455342c266,1.2306406497955322,0.4965471029281616,0.01618858240544796,0.10894841700792313,0.9470452070236206
ba126ff4-25be-43da-b0de-7fe91661e691,8,5cc39db8a5c183455342c266,0.8248633742332458,1.495188593864441,0.0728447213768959,3.305690288543701,0.9940350651741028
4a39cd6f-5a94-4115-a87f-f79748b4fe49,8,5cc39db8a5c183455342c266,0.7952819466590881,1.6747305393218994,0.09214019030332565,1.8114622831344604,0.9973215460777283
6d11061f-58d1-4bfd-9c86-d02e3ed906a8,8,5cc39db8a5c183455342c266,1.478770136833191,1.6237436532974243,0.07629751414060593,0.006409116089344025,0.9537978172302246
7aafecef-9e70-43f6-91b8-34ef4d2ce88c,8,5cc39db8a5c183455342c266,2.082873821258545,1.5574029684066772,0.0038232686929404736,0.02010379359126091,0.987801194190979
9b2d3c08-a25e-4e22-8d31-560a64641d95,8,5cc39db8a5c183455342c266,0.7671501636505127,0.16955505311489105,0.4225551187992096,0.3092045485973358,0.9761698246002197
4c7cbc1f-53d5-455f-998a-e2b53eb50880,8,5cc39db8a5c183455342c266,1.1424719095230103,1.2418991327285767,0.41118890047073364,0.02355591580271721,0.7788997888565063
48f3a935-2e5b-4cc0-9fac-b18ff9d31c2f,8,5cc39db8a5c183455342c266,1.2591698169708252,0.44089651107788086,0.01791391335427761,0.16302715241909027,0.9280573129653931
2d3c17bb-952f-431d-b75d-fd39d0803f82,8,5cc39db8a5c183455342c266,1.0290149450302124,1.438083529472351,0.027438009157776833,0.012634891085326672,0.5000568628311157
f9ca50f9-79cc-477c-ace5-a7945445930d,8,5cc39db8a5c183455342c266,0.7888953685760498,0.33583298325538635,0.00016591516032349318,0.0007348858052864671,0.50419682264328
9b2d3c08-a25e-4e22-8d31-560a64641d95,46,5cc39db8a5c183455342c266,1.3232663869857788,0.7549740672111511,0.2263110876083374,0.8026350736618042,0.7114547491073608
843c1c73-cc18-4dee-a357-4cb9a7c50af4,46,5cc39db8a5c183455342c266,0.8798513412475586,0.3637056052684784,0.268163800239563,0.05834934115409851,0.9946625232696533
ba126ff4-25be-43da-b0de-7fe91661e691,46,5cc39db8a5c183455342c266,1.3477270603179932,1.4084045886993408,0.011238345876336098,0.3937094509601593,0.9544844627380371
db27dc94-d932-4e28-8014-bc744fb72edf,46,5cc39db8a5c183455342c266,1.2210458517074585,1.1386061906814575,0.046649206429719925,0.7763892412185669,0.958687424659729
47e867e0-9273-4f0d-868c-078411468ef4,46,5cc39db8a5c183455342c266,2.361668348312378,1.1320854425430298,0.7080129981040955,0.8804094791412354,0.9948021173477173
5bd42f85-c11f-4830-b5b0-a993a27c01ca,46,5cc39db8a5c183455342c266,1.3246333599090576,1.3715168237686157,0.020534692332148552,1.5209933519363403,0.9991551041603088
f9ca50f9-79cc-477c-ace5-a7945445930d,46,5cc39db8a5c183455342c266,1.2090774774551392,0.789317786693573,0.0021864711306989193,0.022328553721308708,0.8340277671813965
48f3a935-2e5b-4cc0-9fac-b18ff9d31c2f,46,5cc39db8a5c183455342c266,1.4206660985946655,1.2687309980392456,0.058245670050382614,0.1106213927268982,0.9716907739639282
f9ca50f9-79cc-477c-ace5-a7945445930d,9,5cc39db8a5c183455342c266,0.11139263212680817,1.3809105157852173,0.0013388864463195205,0.015577415935695171,0.5017576813697815
ba126ff4-25be-43da-b0de-7fe91661e691,9,5cc39db8a5c183455342c266,0.8569080829620361,1.4799792766571045,0.0801817998290062,3.159773826599121,0.9918546676635742
4a39cd6f-5a94-4115-a87f-f79748b4fe49,9,5cc39db8a5c183455342c266,0.8285548090934753,1.483185887336731,0.038184333592653275,1.5885093212127686,0.9985325336456299
6d11061f-58d1-4bfd-9c86-d02e3ed906a8,9,5cc39db8a5c183455342c266,1.4594320058822632,1.6296043395996094,0.07993556559085846,0.0005952668725512922,0.9636402130126953
7aafecef-9e70-43f6-91b8-34ef4d2ce88c,9,5cc39db8a5c183455342c266,1.946781873703003,1.5853304862976074,0.004208301194012165,0.009861581958830357,0.9884510040283203
9b2d3c08-a25e-4e22-8d31-560a64641d95,9,5cc39db8a5c183455342c266,0.7829892635345459,0.19610626995563507,0.35441696643829346,0.3688856065273285,0.9838865995407104
4c7cbc1f-53d5-455f-998a-e2b53eb50880,9,5cc39db8a5c183455342c266,1.0857970714569092,0.7536066770553589,0.5612751245498657,0.3050774335861206,0.8209714889526367
2d3c17bb-952f-431d-b75d-fd39d0803f82,9,5cc39db8a5c183455342c266,1.2027006149291992,1.3869671821594238,0.01033824123442173,0.02150026336312294,0.9810196757316589
48f3a935-2e5b-4cc0-9fac-b18ff9d31c2f,9,5cc39db8a5c183455342c266,1.6535589694976807,0.5358885526657104,0.07651668041944504,0.004196689929813147,0.9884246587753296
212c24c4-39f4-4443-bf11-0d108887f68d,53,5cc39db8a5c183455342c266,2.140552043914795,1.279057502746582,1.0750882625579834,0.49291712045669556,0.9429728984832764
ba126ff4-25be-43da-b0de-7fe91661e691,53,5cc39db8a5c183455342c266,1.2808234691619873,1.1249991655349731,0.2430923581123352,0.005277697928249836,0.9607730507850647
f9ca50f9-79cc-477c-ace5-a7945445930d,53,5cc39db8a5c183455342c266,1.3829740285873413,1.2069509029388428,0.12443403899669647,0.09867949783802032,0.6111071109771729
72751393-0adb-4eaa-9b30-9056bdf2f711,53,5cc39db8a5c183455342c266,0.7826361060142517,1.4765797853469849,0.31658414006233215,0.291081964969635,0.9814207553863525
843c1c73-cc18-4dee-a357-4cb9a7c50af4,53,5cc39db8a5c183455342c266,1.3387353420257568,0.9140338897705078,0.0004396727599669248,0.019299129024147987,0.9963126182556152
ff3904ab-39d1-4f5f-971b-35ddad84aa24,53,5cc39db8a5c183455342c266,1.2143216133117676,0.7612365484237671,0.006337037310004234,0.03852081298828125,0.94735187292099
e2ca1a6e-89cd-497a-a8ad-e3777f9c86b7,53,5cc39db8a5c183455342c266,1.3657673597335815,1.1259150505065918,0.9229434132575989,0.009062173776328564,0.9775534868240356
32889be6-1c0c-4491-a791-c95a286493c6,19,5cc39db8a5c183455342c266,1.3776174783706665,1.1275280714035034,7.622867997270077e-05,0.0002839849912561476,0.5004740357398987
ba126ff4-25be-43da-b0de-7fe91661e691,19,5cc39db8a5c183455342c266,0.8455957174301147,1.150311827659607,0.06762353330850601,1.0145775079727173,0.9953328371047974
4a39cd6f-5a94-4115-a87f-f79748b4fe49,19,5cc39db8a5c183455342c266,1.0513429641723633,1.7102093696594238,0.10390642285346985,1.7424583435058594,0.9967114925384521
7aafecef-9e70-43f6-91b8-34ef4d2ce88c,19,5cc39db8a5c183455342c266,3.293814182281494,1.326842188835144,2.2002904415130615,0.44776400923728943,0.9802148342132568
51662402-c847-498d-9ac7-83399ed34bf2,19,5cc39db8a5c183455342c266,0.2501469552516937,1.3884793519973755,0.0007147361757233739,0.00022790773073211312,0.5013076663017273
f9ca50f9-79cc-477c-ace5-a7945445930d,19,5cc39db8a5c183455342c266,1.3860442638397217,1.4222508668899536,0.00019885855726897717,0.001445434638299048,0.519295334815979
48f3a935-2e5b-4cc0-9fac-b18ff9d31c2f,19,5cc39db8a5c183455342c266,1.1871826648712158,0.8249381184577942,0.014256399124860764,0.054870299994945526,0.9534420967102051
ba126ff4-25be-43da-b0de-7fe91661e691,39,5cc39db8a5c183455342c266,1.20224130153656,1.8679256439208984,0.015309766866266727,4.348358154296875,0.9693059921264648
4a39cd6f-5a94-4115-a87f-f79748b4fe49,39,5cc39db8a5c183455342c266,1.248003602027893,1.3116059303283691,0.2117474526166916,1.5286569595336914,0.9902442693710327
6d11061f-58d1-4bfd-9c86-d02e3ed906a8,39,5cc39db8a5c183455342c266,1.404832124710083,1.3336464166641235,0.2019558846950531,0.040698811411857605,0.9996274709701538
f9ca50f9-79cc-477c-ace5-a7945445930d,39,5cc39db8a5c183455342c266,0.6603344082832336,0.46229270100593567,0.013024024665355682,0.0016005618963390589,0.9160498380661011
64d3b848-f1ae-41f2-92ff-dfd780b17430,39,5cc39db8a5c183455342c266,1.131769061088562,1.1391029357910156,0.005775566212832928,0.017040250822901726,0.5015227794647217
48f3a935-2e5b-4cc0-9fac-b18ff9d31c2f,39,5cc39db8a5c183455342c266,1.1601694822311401,1.3237249851226807,0.0016370255034416914,0.004470581188797951,0.9203054308891296
f9ca50f9-79cc-477c-ace5-a7945445930d,51,5cc39db8a5c183455342c266,1.3826477527618408,1.3752163648605347,0.1486671417951584,0.06046954169869423,0.620983362197876
72751393-0adb-4eaa-9b30-9056bdf2f711,51,5cc39db8a5c183455342c266,1.3737213611602783,1.503442645072937,0.3330593407154083,0.5751488208770752,0.9963749051094055
ff3904ab-39d1-4f5f-971b-35ddad84aa24,51,5cc39db8a5c183455342c266,1.5088627338409424,1.4137003421783447,0.0592629611492157,0.0001371466350974515,0.9866962432861328
e2ca1a6e-89cd-497a-a8ad-e3777f9c86b7,51,5cc39db8a5c183455342c266,0.9149145483970642,1.3312901258468628,0.03132958710193634,0.07771974056959152,0.8910781145095825
ba126ff4-25be-43da-b0de-7fe91661e691,51,5cc39db8a5c183455342c266,1.815526008605957,1.3333085775375366,0.006414813920855522,0.022056065499782562,0.9964941740036011
4a39cd6f-5a94-4115-a87f-f79748b4fe49,51,5cc39db8a5c183455342c266,1.6514248847961426,1.4460123777389526,0.44591665267944336,0.6923210620880127,0.9877083897590637
ba126ff4-25be-43da-b0de-7fe91661e691,15,5cc39db8a5c183455342c266,0.8379259705543518,1.468363881111145,0.011075694113969803,2.7628848552703857,0.9960592985153198
4a39cd6f-5a94-4115-a87f-f79748b4fe49,15,5cc39db8a5c183455342c266,0.7970170378684998,1.5058314800262451,0.015754980966448784,1.2934421300888062,0.9983586668968201
6d11061f-58d1-4bfd-9c86-d02e3ed906a8,15,5cc39db8a5c183455342c266,1.4397910833358765,1.6224430799484253,0.06752374023199081,0.0023290442768484354,0.9350192546844482
7aafecef-9e70-43f6-91b8-34ef4d2ce88c,15,5cc39db8a5c183455342c266,1.9781972169876099,1.56999933719635,0.009848590940237045,0.008766324259340763,0.9862864017486572
f9ca50f9-79cc-477c-ace5-a7945445930d,15,5cc39db8a5c183455342c266,1.1363909244537354,0.8136498928070068,0.010201677680015564,0.00010308263154001907,0.5149986147880554
9b2d3c08-a25e-4e22-8d31-560a64641d95,15,5cc39db8a5c183455342c266,2.374493360519409,1.3195626735687256,0.18156775832176208,1.342607855796814,0.9841253757476807
48f3a935-2e5b-4cc0-9fac-b18ff9d31c2f,15,5cc39db8a5c183455342c266,1.0978411436080933,0.5284662246704102,0.0011359855998307467,0.15865318477153778,0.9653244018554688
ba126ff4-25be-43da-b0de-7fe91661e691,0,5cc39db8a5c183455342c266,0.8076056241989136,1.5019724369049072,0.0852966234087944,3.310807228088379,0.989043653011322
4a39cd6f-5a94-4115-a87f-f79748b4fe49,0,5cc39db8a5c183455342c266,0.862727701663971,1.5713436603546143,0.14134204387664795,1.7087774276733398,0.9979360699653625
6d11061f-58d1-4bfd-9c86-d02e3ed906a8,0,5cc39db8a5c183455342c266,1.3394676446914673,1.1760733127593994,0.002461592433974147,0.00010794967965921387,0.9810853004455566
7aafecef-9e70-43f6-91b8-34ef4d2ce88c,0,5cc39db8a5c183455342c266,1.24286687374115,1.3344846963882446,0.09197670966386795,0.009097905829548836,0.996212363243103
3542426c-dabd-4abb-a0d6-5e353761aae6,0,5cc39db8a5c183455342c266,1.2867441177368164,0.7550263404846191,2.395753860473633,2.3290460109710693,0.9652796983718872
12c2e892-748d-43c2-9a37-b78b7278f235,0,5cc39db8a5c183455342c266,0.24679717421531677,1.3882886171340942,0.0005927742458879948,0.00040856795385479927,0.5056037306785583
9b2d3c08-a25e-4e22-8d31-560a64641d95,0,5cc39db8a5c183455342c266,1.1411144733428955,0.3916155695915222,0.008155617862939835,1.3566902875900269,0.6955312490463257
0282e7c6-b354-4ca7-8024-a38b3682f366,0,5cc39db8a5c183455342c266,1.135855793952942,0.7844124436378479,0.2507503926753998,0.7118000388145447,0.6685624122619629
48f3a935-2e5b-4cc0-9fac-b18ff9d31c2f,0,5cc39db8a5c183455342c266,1.2430737018585205,0.4675371050834656,0.03271440044045448,0.22064833343029022,0.926996111869812
f9ca50f9-79cc-477c-ace5-a7945445930d,59,5cc39db8a5c183455342c266,1.147971272468567,1.5158430337905884,0.039979420602321625,0.1981160044670105,0.743424654006958
72751393-0adb-4eaa-9b30-9056bdf2f711,59,5cc39db8a5c183455342c266,1.3335857391357422,1.4249080419540405,0.002453682478517294,0.018506940454244614,0.9952067136764526
843c1c73-cc18-4dee-a357-4cb9a7c50af4,59,5cc39db8a5c183455342c266,1.3575496673583984,1.3862330913543701,0.043090224266052246,0.036844246089458466,0.9865114688873291
ff3904ab-39d1-4f5f-971b-35ddad84aa24,59,5cc39db8a5c183455342c266,1.5289446115493774,1.3854138851165771,0.01978030428290367,0.055373914539813995,0.9987276196479797
ba126ff4-25be-43da-b0de-7fe91661e691,41,5cc39db8a5c183455342c266,0.8357888460159302,1.1689136028289795,0.08371063321828842,0.830693781375885,0.9892866015434265
4a39cd6f-5a94-4115-a87f-f79748b4fe49,41,5cc39db8a5c183455342c266,0.5595418810844421,2.0854318141937256,0.11450830101966858,0.8162851929664612,0.997927188873291
6d11061f-58d1-4bfd-9c86-d02e3ed906a8,41,5cc39db8a5c183455342c266,1.3557218313217163,1.4087388515472412,0.24735254049301147,0.22220322489738464,0.9964242577552795
9b2d3c08-a25e-4e22-8d31-560a64641d95,41,5cc39db8a5c183455342c266,1.325636386871338,1.2512130737304688,0.38139277696609497,0.98900306224823,0.7714512944221497
64d3b848-f1ae-41f2-92ff-dfd780b17430,41,5cc39db8a5c183455342c266,0.7553566098213196,1.3590214252471924,0.0004262271395418793,0.01437667291611433,0.5011835694313049
f9ca50f9-79cc-477c-ace5-a7945445930d,41,5cc39db8a5c183455342c266,1.2489198446273804,0.09953657537698746,0.0013242451241239905,0.054036546498537064,0.8661797046661377
48f3a935-2e5b-4cc0-9fac-b18ff9d31c2f,41,5cc39db8a5c183455342c266,1.1397221088409424,1.325063705444336,0.016598282381892204,0.010746494866907597,0.8899436593055725
212c24c4-39f4-4443-bf11-0d108887f68d,54,5cc39db8a5c183455342c266,1.6620988845825195,1.1549351215362549,0.5141115784645081,0.1459284871816635,0.985704243183136
f9ca50f9-79cc-477c-ace5-a7945445930d,54,5cc39db8a5c183455342c266,1.5116868019104004,1.2286626100540161,0.10800754278898239,0.05055132135748863,0.6810433864593506
72751393-0adb-4eaa-9b30-9056bdf2f711,54,5cc39db8a5c183455342c266,1.1545584201812744,1.4043867588043213,0.17468443512916565,0.08584961295127869,0.9890822768211365
843c1c73-cc18-4dee-a357-4cb9a7c50af4,54,5cc39db8a5c183455342c266,1.5324914455413818,0.7727276682853699,0.007482102140784264,0.00021926191402599216,0.9920451045036316
ff3904ab-39d1-4f5f-971b-35ddad84aa24,54,5cc39db8a5c183455342c266,1.4407585859298706,0.8541678190231323,0.9129151701927185,0.01921277865767479,0.9512383937835693
e2ca1a6e-89cd-497a-a8ad-e3777f9c86b7,54,5cc39db8a5c183455342c266,1.892876386642456,1.1252201795578003,0.0002525662421248853,0.0009672242449596524,0.7542134523391724
f9ca50f9-79cc-477c-ace5-a7945445930d,52,5cc39db8a5c183455342c266,1.4165745973587036,1.1325945854187012,0.006962539162486792,5.636446803691797e-05,0.6371153593063354
72751393-0adb-4eaa-9b30-9056bdf2f711,52,5cc39db8a5c183455342c266,1.3345322608947754,1.021562099456787,0.25124022364616394,0.7008789777755737,0.9975302219390869
843c1c73-cc18-4dee-a357-4cb9a7c50af4,52,5cc39db8a5c183455342c266,1.3142846822738647,1.1883503198623657,0.1725158989429474,0.024941837415099144,0.9989349842071533
ff3904ab-39d1-4f5f-971b-35ddad84aa24,52,5cc39db8a5c183455342c266,1.4480007886886597,1.1244477033615112,0.058618079870939255,0.04626237228512764,0.9976673126220703
e2ca1a6e-89cd-497a-a8ad-e3777f9c86b7,52,5cc39db8a5c183455342c266,1.1275080442428589,0.7962847948074341,0.03757254779338837,0.0526142455637455,0.9099916219711304
ba126ff4-25be-43da-b0de-7fe91661e691,52,5cc39db8a5c183455342c266,1.124764084815979,1.3983919620513916,0.012664192356169224,0.021903755143284798,0.8455719351768494
4a39cd6f-5a94-4115-a87f-f79748b4fe49,52,5cc39db8a5c183455342c266,1.3227338790893555,1.4468722343444824,1.145349144935608,0.40935564041137695,0.864749550819397
9b2d3c08-a25e-4e22-8d31-560a64641d95,55,5cc39db8a5c183455342c266,1.197405219078064,0.7824000120162964,1.1736767292022705,0.03434337303042412,0.9161257743835449
212c24c4-39f4-4443-bf11-0d108887f68d,55,5cc39db8a5c183455342c266,1.1624685525894165,1.3259001970291138,0.11504342406988144,0.03587428107857704,0.983842134475708
f9ca50f9-79cc-477c-ace5-a7945445930d,55,5cc39db8a5c183455342c266,0.3558044731616974,0.12214622646570206,0.0072987694293260574,0.07995207607746124,0.9717098474502563
72751393-0adb-4eaa-9b30-9056bdf2f711,55,5cc39db8a5c183455342c266,1.3462049961090088,1.2281559705734253,7.311286753974855e-05,0.6955781579017639,0.9981386661529541
843c1c73-cc18-4dee-a357-4cb9a7c50af4,55,5cc39db8a5c183455342c266,1.3237732648849487,0.6086183190345764,0.13653632998466492,0.0007499200874008238,0.997153103351593
ff3904ab-39d1-4f5f-971b-35ddad84aa24,55,5cc39db8a5c183455342c266,1.3306665420532227,0.4044809341430664,0.19073458015918732,0.09769507497549057,0.9896057844161987
e2ca1a6e-89cd-497a-a8ad-e3777f9c86b7,55,5cc39db8a5c183455342c266,1.450130581855774,0.2102205604314804,0.017429307103157043,0.001187658403068781,0.7587381601333618
ba126ff4-25be-43da-b0de-7fe91661e691,22,5cc39db8a5c183455342c266,0.8362602591514587,1.557707667350769,0.08303529769182205,3.2587623596191406,0.9917111992835999
4a39cd6f-5a94-4115-a87f-f79748b4fe49,22,5cc39db8a5c183455342c266,0.8059626221656799,1.74160897731781,0.04801223427057266,1.465224266052246,0.9964408874511719
6d11061f-58d1-4bfd-9c86-d02e3ed906a8,22,5cc39db8a5c183455342c266,1.421072006225586,1.178990125656128,0.1505352109670639,0.041573915630578995,0.9489379525184631
7aafecef-9e70-43f6-91b8-34ef4d2ce88c,22,5cc39db8a5c183455342c266,1.9014416933059692,1.6243592500686646,0.006294966675341129,0.014288865961134434,0.9894855618476868
4c7cbc1f-53d5-455f-998a-e2b53eb50880,22,5cc39db8a5c183455342c266,0.9426301121711731,0.7550097107887268,1.0725271701812744,2.683967113494873,0.9812824726104736
f9ca50f9-79cc-477c-ace5-a7945445930d,22,5cc39db8a5c183455342c266,1.5039610862731934,1.3277267217636108,0.012828824110329151,8.065963470471615e-07,0.5220212936401367
48f3a935-2e5b-4cc0-9fac-b18ff9d31c2f,22,5cc39db8a5c183455342c266,1.3637149333953857,1.049387812614441,0.0409841388463974,0.013192238286137581,0.9985232949256897
51662402-c847-498d-9ac7-83399ed34bf2,22,5cc39db8a5c183455342c266,0.7516409158706665,0.19353283941745758,0.0016743240412324667,0.00015657806943636388,0.5032514333724976
ba126ff4-25be-43da-b0de-7fe91661e691,13,5cc39db8a5c183455342c266,0.8513522744178772,1.5583856105804443,0.053016096353530884,2.889796495437622,0.9937554597854614
4a39cd6f-5a94-4115-a87f-f79748b4fe49,13,5cc39db8a5c183455342c266,0.8451454639434814,1.673059344291687,0.08420111984014511,1.3276182413101196,0.9976845979690552
6d11061f-58d1-4bfd-9c86-d02e3ed906a8,13,5cc39db8a5c183455342c266,1.4556050300598145,1.6257511377334595,0.058323923498392105,0.0014877744251862168,0.9462993144989014
7aafecef-9e70-43f6-91b8-34ef4d2ce88c,13,5cc39db8a5c183455342c266,1.9102208614349365,1.5642856359481812,0.010474179871380329,0.01449308916926384,0.9871662855148315
9b2d3c08-a25e-4e22-8d31-560a64641d95,13,5cc39db8a5c183455342c266,0.7580380439758301,0.2013767808675766,0.3949488699436188,0.35566246509552,0.9801411628723145
48f3a935-2e5b-4cc0-9fac-b18ff9d31c2f,13,5cc39db8a5c183455342c266,1.0724912881851196,0.49922406673431396,0.0005468286690302193,0.18827691674232483,0.9590718746185303
f9ca50f9-79cc-477c-ace5-a7945445930d,13,5cc39db8a5c183455342c266,1.4587785005569458,1.1664451360702515,0.0011122156865894794,0.003243859391659498,0.5004060864448547
ba126ff4-25be-43da-b0de-7fe91661e691,34,5cc39db8a5c183455342c266,0.8243085145950317,1.5438220500946045,0.08359238505363464,3.1982364654541016,0.9932193756103516
4a39cd6f-5a94-4115-a87f-f79748b4fe49,34,5cc39db8a5c183455342c266,0.8312274813652039,1.5469372272491455,0.06284502893686295,1.4498921632766724,0.9967840909957886
6d11061f-58d1-4bfd-9c86-d02e3ed906a8,34,5cc39db8a5c183455342c266,1.4371259212493896,1.1905440092086792,0.10820017009973526,0.06500961631536484,0.9120653867721558
7aafecef-9e70-43f6-91b8-34ef4d2ce88c,34,5cc39db8a5c183455342c266,1.9912726879119873,1.6365514993667603,0.0014700329629704356,0.020512178540229797,0.98094642162323
f9ca50f9-79cc-477c-ace5-a7945445930d,34,5cc39db8a5c183455342c266,1.1922128200531006,1.2411067485809326,0.001612115534953773,0.14020752906799316,0.682077944278717
48f3a935-2e5b-4cc0-9fac-b18ff9d31c2f,34,5cc39db8a5c183455342c266,1.2025567293167114,0.7925348877906799,0.004930384922772646,0.06793276965618134,0.9340593814849854
ba126ff4-25be-43da-b0de-7fe91661e691,31,5cc39db8a5c183455342c266,0.836125373840332,1.5338534116744995,0.05967634543776512,3.2065186500549316,0.994317889213562
4a39cd6f-5a94-4115-a87f-f79748b4fe49,31,5cc39db8a5c183455342c266,0.8028656840324402,1.6130166053771973,0.08422279357910156,1.5227316617965698,0.9927650690078735
6d11061f-58d1-4bfd-9c86-d02e3ed906a8,31,5cc39db8a5c183455342c266,1.396453857421875,1.1749505996704102,0.12083709239959717,0.047680314630270004,0.9383442401885986
7aafecef-9e70-43f6-91b8-34ef4d2ce88c,31,5cc39db8a5c183455342c266,1.8684585094451904,1.5430811643600464,0.011244356632232666,0.015958499163389206,0.9861019253730774
f9ca50f9-79cc-477c-ace5-a7945445930d,31,5cc39db8a5c183455342c266,1.5192067623138428,1.1795932054519653,0.10840747505426407,0.19476835429668427,0.6355037689208984
48f3a935-2e5b-4cc0-9fac-b18ff9d31c2f,31,5cc39db8a5c183455342c266,1.2127689123153687,0.8118329644203186,0.027058620005846024,0.09669862687587738,0.9014444351196289
7217696a-2c1e-4f42-af9f-465717765ded,31,5cc39db8a5c183455342c266,1.398522973060608,1.154051661491394,0.0016585736302658916,0.0015077600255608559,0.5057220458984375
ba126ff4-25be-43da-b0de-7fe91661e691,4,5cc39db8a5c183455342c266,0.8515555262565613,1.15212082862854,0.08080198615789413,1.1087490320205688,0.9927042722702026
4a39cd6f-5a94-4115-a87f-f79748b4fe49,4,5cc39db8a5c183455342c266,0.8566595911979675,1.5626007318496704,0.08665807545185089,1.4512624740600586,0.9967074990272522
6d11061f-58d1-4bfd-9c86-d02e3ed906a8,4,5cc39db8a5c183455342c266,1.4632115364074707,1.1784896850585938,0.047761544585227966,0.03527095168828964,0.9643290638923645
7aafecef-9e70-43f6-91b8-34ef4d2ce88c,4,5cc39db8a5c183455342c266,1.9826722145080566,1.5842764377593994,0.013387607410550117,0.015263102017343044,0.9909299612045288
3542426c-dabd-4abb-a0d6-5e353761aae6,4,5cc39db8a5c183455342c266,1.1748558282852173,0.7576428055763245,0.5958269834518433,2.1365861892700195,0.9582629203796387
9b2d3c08-a25e-4e22-8d31-560a64641d95,4,5cc39db8a5c183455342c266,0.7536997199058533,0.19962650537490845,0.17640821635723114,0.7833256125450134,0.9291226267814636
0282e7c6-b354-4ca7-8024-a38b3682f366,4,5cc39db8a5c183455342c266,1.4084560871124268,0.28616270422935486,0.7534123659133911,0.19082000851631165,0.9830756187438965
48f3a935-2e5b-4cc0-9fac-b18ff9d31c2f,4,5cc39db8a5c183455342c266,1.162561297416687,0.8016945719718933,0.00018040882423520088,0.03414296358823776,0.945773720741272
ba126ff4-25be-43da-b0de-7fe91661e691,42,5cc39db8a5c183455342c266,1.1356430053710938,1.9453407526016235,0.005146421026438475,1.931168556213379,0.9720873832702637
4a39cd6f-5a94-4115-a87f-f79748b4fe49,42,5cc39db8a5c183455342c266,0.4893752634525299,2.6213955879211426,0.1988978236913681,1.6124475002288818,0.9899812936782837
6d11061f-58d1-4bfd-9c86-d02e3ed906a8,42,5cc39db8a5c183455342c266,1.4515093564987183,1.3614227771759033,0.03399968892335892,0.04437701776623726,0.9974046349525452
f9ca50f9-79cc-477c-ace5-a7945445930d,42,5cc39db8a5c183455342c266,0.3872426748275757,1.4049246311187744,0.03446224704384804,0.004305494017899036,0.8615534901618958
9b2d3c08-a25e-4e22-8d31-560a64641d95,42,5cc39db8a5c183455342c266,0.7834646105766296,1.4274448156356812,0.24685588479042053,0.8993176817893982,0.7214212417602539
64d3b848-f1ae-41f2-92ff-dfd780b17430,42,5cc39db8a5c183455342c266,0.17007587850093842,1.3725948333740234,0.008332270197570324,0.003563088830560446,0.5147359371185303
48f3a935-2e5b-4cc0-9fac-b18ff9d31c2f,42,5cc39db8a5c183455342c266,1.1470462083816528,0.78700852394104,0.02194168046116829,0.02225019969046116,0.874052107334137
ba126ff4-25be-43da-b0de-7fe91661e691,16,5cc39db8a5c183455342c266,0.8471844792366028,1.5080506801605225,0.03529399260878563,2.7958998680114746,0.9939820766448975
4a39cd6f-5a94-4115-a87f-f79748b4fe49,16,5cc39db8a5c183455342c266,0.8090888857841492,1.5409388542175293,0.05469436198472977,1.2215684652328491,0.9974374771118164
6d11061f-58d1-4bfd-9c86-d02e3ed906a8,16,5cc39db8a5c183455342c266,1.4307137727737427,1.6146628856658936,0.06347175687551498,0.001773008261807263,0.9351298809051514
7aafecef-9e70-43f6-91b8-34ef4d2ce88c,16,5cc39db8a5c183455342c266,1.9140684604644775,1.6116098165512085,0.005611893720924854,0.011736690998077393,0.9853936433792114
f9ca50f9-79cc-477c-ace5-a7945445930d,16,5cc39db8a5c183455342c266,1.3886795043945312,1.1860021352767944,5.1284796427353285e-06,7.454345904989168e-06,0.5032168030738831
9b2d3c08-a25e-4e22-8d31-560a64641d95,16,5cc39db8a5c183455342c266,1.6062926054000854,1.653538465499878,0.19348368048667908,1.9164499044418335,0.980363130569458
48f3a935-2e5b-4cc0-9fac-b18ff9d31c2f,16,5cc39db8a5c183455342c266,1.1897258758544922,0.5962146520614624,0.024313654750585556,0.16177460551261902,0.9525676965713501
ba126ff4-25be-43da-b0de-7fe91661e691,17,5cc39db8a5c183455342c266,0.8206379413604736,1.5695466995239258,0.10198767483234406,2.999171257019043,0.9913316965103149
4a39cd6f-5a94-4115-a87f-f79748b4fe49,17,5cc39db8a5c183455342c266,0.8159944415092468,1.6247484683990479,0.07390470057725906,1.4001209735870361,0.9969707131385803
6d11061f-58d1-4bfd-9c86-d02e3ed906a8,17,5cc39db8a5c183455342c266,1.635823369026184,1.4117165803909302,0.0017638974823057652,0.020029358565807343,0.9990177154541016
32889be6-1c0c-4491-a791-c95a286493c6,17,5cc39db8a5c183455342c266,0.7553232908248901,1.3213698863983154,0.0011036350624635816,0.001192268799059093,0.5087915658950806
f9ca50f9-79cc-477c-ace5-a7945445930d,17,5cc39db8a5c183455342c266,0.24184413254261017,1.3245397806167603,0.0003298362425994128,0.0012857472756877542,0.5125312805175781
48f3a935-2e5b-4cc0-9fac-b18ff9d31c2f,17,5cc39db8a5c183455342c266,1.1890766620635986,0.6081854104995728,0.021028727293014526,0.07408186048269272,0.9643393754959106
ba126ff4-25be-43da-b0de-7fe91661e691,40,5cc39db8a5c183455342c266,0.8553117513656616,1.443273901939392,0.00039398050284944475,1.167805552482605,0.9899108409881592
4a39cd6f-5a94-4115-a87f-f79748b4fe49,40,5cc39db8a5c183455342c266,0.9237951040267944,1.1741726398468018,0.09339653700590134,1.517141342163086,0.9768457412719727
6d11061f-58d1-4bfd-9c86-d02e3ed906a8,40,5cc39db8a5c183455342c266,1.3814541101455688,1.3793481588363647,0.0467754565179348,0.1837642639875412,0.9997974634170532
f9ca50f9-79cc-477c-ace5-a7945445930d,40,5cc39db8a5c183455342c266,1.3869140148162842,1.1259971857070923,0.042007457464933395,0.0736570656299591,0.6718118190765381
64d3b848-f1ae-41f2-92ff-dfd780b17430,40,5cc39db8a5c183455342c266,1.1363157033920288,1.1240639686584473,0.005338386632502079,0.01116610411554575,0.5029458403587341
48f3a935-2e5b-4cc0-9fac-b18ff9d31c2f,40,5cc39db8a5c183455342c266,0.9363228678703308,1.4578802585601807,0.0012542246840894222,0.010404741391539574,0.8864133358001709
7217696a-2c1e-4f42-af9f-465717765ded,30,5cc39db8a5c183455342c266,0.9746823310852051,1.1751481294631958,0.0036000709515064955,0.011625192128121853,0.5050464272499084
ba126ff4-25be-43da-b0de-7fe91661e691,30,5cc39db8a5c183455342c266,0.8332485556602478,1.5990904569625854,0.06626082956790924,3.3483693599700928,0.9941043853759766
4a39cd6f-5a94-4115-a87f-f79748b4fe49,30,5cc39db8a5c183455342c266,0.8074594140052795,1.5853420495986938,0.0407685823738575,1.5468896627426147,0.9930722713470459
6d11061f-58d1-4bfd-9c86-d02e3ed906a8,30,5cc39db8a5c183455342c266,1.3728992938995361,1.1747076511383057,0.13808974623680115,0.04976588115096092,0.9586930274963379
7aafecef-9e70-43f6-91b8-34ef4d2ce88c,30,5cc39db8a5c183455342c266,1.8542990684509277,1.5089248418807983,0.026877164840698242,0.018059682101011276,0.9892363548278809
f9ca50f9-79cc-477c-ace5-a7945445930d,30,5cc39db8a5c183455342c266,1.474526286125183,1.1793233156204224,0.038003064692020416,0.0037186997942626476,0.5883471965789795
48f3a935-2e5b-4cc0-9fac-b18ff9d31c2f,30,5cc39db8a5c183455342c266,1.2590465545654297,0.780034065246582,0.061985988169908524,0.04579824209213257,0.9463028311729431
ba126ff4-25be-43da-b0de-7fe91661e691,32,5cc39db8a5c183455342c266,0.8203076124191284,1.5313012599945068,0.05721985176205635,3.214254379272461,0.9934409856796265
4a39cd6f-5a94-4115-a87f-f79748b4fe49,32,5cc39db8a5c183455342c266,0.8218131065368652,1.6469413042068481,0.10779107362031937,1.5416017770767212,0.9968327283859253
6d11061f-58d1-4bfd-9c86-d02e3ed906a8,32,5cc39db8a5c183455342c266,1.4498950242996216,1.1729469299316406,0.11952240765094757,0.10323219746351242,0.9264857769012451
7aafecef-9e70-43f6-91b8-34ef4d2ce88c,32,5cc39db8a5c183455342c266,2.0024921894073486,1.5081084966659546,0.010109531693160534,0.036107346415519714,0.9859778881072998
f9ca50f9-79cc-477c-ace5-a7945445930d,32,5cc39db8a5c183455342c266,1.1591384410858154,1.2054200172424316,0.016749320551753044,0.15742483735084534,0.6335148811340332
48f3a935-2e5b-4cc0-9fac-b18ff9d31c2f,32,5cc39db8a5c183455342c266,1.2253319025039673,0.8212412595748901,0.02658718079328537,0.10403899848461151,0.9130518436431885
ba126ff4-25be-43da-b0de-7fe91661e691,25,5cc39db8a5c183455342c266,0.8345249891281128,1.540161371231079,0.11210332810878754,3.599668502807617,0.9854499101638794
4a39cd6f-5a94-4115-a87f-f79748b4fe49,25,5cc39db8a5c183455342c266,0.914543628692627,1.5850754976272583,0.15060660243034363,1.6318103075027466,0.990959882736206
6d11061f-58d1-4bfd-9c86-d02e3ed906a8,25,5cc39db8a5c183455342c266,1.3229386806488037,1.2309578657150269,0.07239760458469391,0.024409858509898186,0.9925817251205444
33bda45a-25ee-4e50-9d28-7ee243c90207,25,5cc39db8a5c183455342c266,1.1345125436782837,1.2885656356811523,0.006213686894625425,0.00032920765806920826,0.5016587376594543
f9ca50f9-79cc-477c-ace5-a7945445930d,25,5cc39db8a5c183455342c266,1.480189323425293,1.3891160488128662,0.03258669376373291,0.06549490243196487,0.5512102246284485
48f3a935-2e5b-4cc0-9fac-b18ff9d31c2f,25,5cc39db8a5c183455342c266,1.2118068933486938,0.7865476608276367,0.015239574015140533,0.0513644777238369,0.9560997486114502
32889be6-1c0c-4491-a791-c95a286493c6,18,5cc39db8a5c183455342c266,0.17539282143115997,0.500001072883606,0.006837575230747461,0.0025349461939185858,0.50157231092453
ba126ff4-25be-43da-b0de-7fe91661e691,18,5cc39db8a5c183455342c266,0.9042035937309265,1.2293258905410767,0.011777623556554317,0.7042363286018372,0.9992623329162598
4a39cd6f-5a94-4115-a87f-f79748b4fe49,18,5cc39db8a5c183455342c266,0.8940187096595764,1.4742395877838135,0.003353557549417019,1.1684824228286743,0.9991647005081177
6d11061f-58d1-4bfd-9c86-d02e3ed906a8,18,5cc39db8a5c183455342c266,1.4330974817276,1.582829475402832,0.09885226935148239,0.00633406825363636,0.9597393274307251
7aafecef-9e70-43f6-91b8-34ef4d2ce88c,18,5cc39db8a5c183455342c266,1.8430826663970947,1.6064889430999756,0.002577665727585554,0.025918027386069298,0.9872992038726807
f9ca50f9-79cc-477c-ace5-a7945445930d,18,5cc39db8a5c183455342c266,1.146236538887024,1.334551215171814,0.007895093411207199,0.025057800114154816,0.5048943758010864
48f3a935-2e5b-4cc0-9fac-b18ff9d31c2f,18,5cc39db8a5c183455342c266,1.1917004585266113,0.5998833775520325,0.02772420272231102,0.05567023158073425,0.9638910293579102
f9ca50f9-79cc-477c-ace5-a7945445930d,57,5cc39db8a5c183455342c266,0.8944002985954285,1.1767635345458984,0.0003003450110554695,0.14397764205932617,0.7759233713150024
72751393-0adb-4eaa-9b30-9056bdf2f711,57,5cc39db8a5c183455342c266,1.1333577632904053,0.7534481883049011,0.07766880840063095,0.2536271810531616,0.9956120848655701
843c1c73-cc18-4dee-a357-4cb9a7c50af4,57,5cc39db8a5c183455342c266,0.8680236339569092,1.132407307624817,0.004667784087359905,0.006665013264864683,0.9496511220932007
ff3904ab-39d1-4f5f-971b-35ddad84aa24,57,5cc39db8a5c183455342c266,1.6439980268478394,1.1403275728225708,0.018939048051834106,0.060479503124952316,0.9955184459686279
e2ca1a6e-89cd-497a-a8ad-e3777f9c86b7,57,5cc39db8a5c183455342c266,1.445756196975708,0.7644691467285156,0.04660620912909508,0.0029248243663460016,0.6762381792068481
33bda45a-25ee-4e50-9d28-7ee243c90207,26,5cc39db8a5c183455342c266,0.9648066163063049,0.9646775722503662,0.006261465605348349,0.011144550517201424,0.5016905665397644
ba126ff4-25be-43da-b0de-7fe91661e691,26,5cc39db8a5c183455342c266,0.8462920188903809,1.3824398517608643,0.0028333961963653564,2.4291906356811523,0.9985248446464539
4a39cd6f-5a94-4115-a87f-f79748b4fe49,26,5cc39db8a5c183455342c266,0.8513332009315491,1.6307123899459839,0.020101286470890045,1.581811547279358,0.9983183145523071
6d11061f-58d1-4bfd-9c86-d02e3ed906a8,26,5cc39db8a5c183455342c266,1.4451960325241089,1.167955756187439,0.09958624094724655,0.06223626807332039,0.9087283611297607
7aafecef-9e70-43f6-91b8-34ef4d2ce88c,26,5cc39db8a5c183455342c266,1.877830147743225,1.6707335710525513,0.0007143362308852375,0.028034457936882973,0.9647965431213379
f9ca50f9-79cc-477c-ace5-a7945445930d,26,5cc39db8a5c183455342c266,1.4678266048431396,1.4595786333084106,0.013466321863234043,0.03614480793476105,0.5832473039627075
48f3a935-2e5b-4cc0-9fac-b18ff9d31c2f,26,5cc39db8a5c183455342c266,1.2287381887435913,0.7966776490211487,0.022098954766988754,0.06534156948328018,0.9411380290985107
ba126ff4-25be-43da-b0de-7fe91661e691,35,5cc39db8a5c183455342c266,0.5794622302055359,1.1465251445770264,0.040009040385484695,1.244512915611267,0.9940586090087891
4a39cd6f-5a94-4115-a87f-f79748b4fe49,35,5cc39db8a5c183455342c266,0.8046340942382812,1.5417118072509766,0.0004826207587029785,1.2267420291900635,0.9984126091003418
6d11061f-58d1-4bfd-9c86-d02e3ed906a8,35,5cc39db8a5c183455342c266,1.4235389232635498,1.1927580833435059,0.12513108551502228,0.05401816964149475,0.9480763673782349
7aafecef-9e70-43f6-91b8-34ef4d2ce88c,35,5cc39db8a5c183455342c266,1.99831223487854,1.6365094184875488,0.00521179148927331,0.018490344285964966,0.9867985844612122
f9ca50f9-79cc-477c-ace5-a7945445930d,35,5cc39db8a5c183455342c266,1.1972930431365967,1.2767266035079956,0.030324039980769157,0.14128002524375916,0.6798560619354248
48f3a935-2e5b-4cc0-9fac-b18ff9d31c2f,35,5cc39db8a5c183455342c266,1.185079574584961,0.7929328680038452,0.02017889730632305,0.06778561323881149,0.9401600360870361
f9ca50f9-79cc-477c-ace5-a7945445930d,56,5cc39db8a5c183455342c266,1.3425687551498413,1.1809556484222412,0.18498946726322174,0.2071741670370102,0.6675939559936523
72751393-0adb-4eaa-9b30-9056bdf2f711,56,5cc39db8a5c183455342c266,1.6818238496780396,0.9255903959274292,0.2350681871175766,0.31912657618522644,0.9980911016464233
843c1c73-cc18-4dee-a357-4cb9a7c50af4,56,5cc39db8a5c183455342c266,1.129248023033142,1.1444376707077026,0.01223145890980959,0.0017673601396381855,0.9945080280303955
ff3904ab-39d1-4f5f-971b-35ddad84aa24,56,5cc39db8a5c183455342c266,1.1254172325134277,1.1297426223754883,0.11079287528991699,0.011648548766970634,0.9637302160263062
e2ca1a6e-89cd-497a-a8ad-e3777f9c86b7,56,5cc39db8a5c183455342c266,1.730210781097412,0.7611516714096069,0.0005811636801809072,0.003612793516367674,0.6576544046401978
ba126ff4-25be-43da-b0de-7fe91661e691,21,5cc39db8a5c183455342c266,0.8504767417907715,1.135762095451355,0.04183785989880562,1.0001353025436401,0.9950270652770996
4a39cd6f-5a94-4115-a87f-f79748b4fe49,21,5cc39db8a5c183455342c266,0.8147261142730713,1.61528480052948,0.01658368483185768,1.2876824140548706,0.9991240501403809
6d11061f-58d1-4bfd-9c86-d02e3ed906a8,21,5cc39db8a5c183455342c266,1.3956718444824219,1.2056951522827148,0.08876724541187286,0.02942824177443981,0.9545333385467529
7aafecef-9e70-43f6-91b8-34ef4d2ce88c,21,5cc39db8a5c183455342c266,1.73233962059021,1.6369236707687378,0.021529369056224823,0.014202297665178776,0.9907195568084717
f9ca50f9-79cc-477c-ace5-a7945445930d,21,5cc39db8a5c183455342c266,1.3345125913619995,0.4909804165363312,0.04561290144920349,0.1297321766614914,0.9923579692840576
48f3a935-2e5b-4cc0-9fac-b18ff9d31c2f,21,5cc39db8a5c183455342c266,1.1983180046081543,0.829647421836853,0.02120782434940338,0.07144217193126678,0.963168203830719
51662402-c847-498d-9ac7-83399ed34bf2,21,5cc39db8a5c183455342c266,1.319787859916687,0.8104005455970764,1.0381833135397756e-06,5.537633114727214e-05,0.5002665519714355
7217696a-2c1e-4f42-af9f-465717765ded,29,5cc39db8a5c183455342c266,1.121690034866333,1.2392046451568604,0.003480440704151988,0.008357261307537556,0.5005863904953003
ba126ff4-25be-43da-b0de-7fe91661e691,29,5cc39db8a5c183455342c266,0.8193602561950684,1.6244715452194214,0.07468939572572708,3.1803033351898193,0.9895145893096924
4a39cd6f-5a94-4115-a87f-f79748b4fe49,29,5cc39db8a5c183455342c266,1.1439284086227417,1.8042798042297363,0.05105329677462578,1.686052680015564,0.9845989942550659
6d11061f-58d1-4bfd-9c86-d02e3ed906a8,29,5cc39db8a5c183455342c266,1.3724545240402222,1.1698510646820068,0.11160474270582199,0.05409909039735794,0.9223160743713379
7aafecef-9e70-43f6-91b8-34ef4d2ce88c,29,5cc39db8a5c183455342c266,1.8414890766143799,1.5650776624679565,0.003717497456818819,0.02633708156645298,0.9797056913375854
f9ca50f9-79cc-477c-ace5-a7945445930d,29,5cc39db8a5c183455342c266,1.4303630590438843,0.7535937428474426,0.07285258919000626,0.169557586312294,0.9982764720916748
48f3a935-2e5b-4cc0-9fac-b18ff9d31c2f,29,5cc39db8a5c183455342c266,1.1602973937988281,0.8122712969779968,0.0004635224468074739,0.06617704033851624,0.9695336222648621
12c2e892-748d-43c2-9a37-b78b7278f235,29,5cc39db8a5c183455342c266,0.9062203764915466,0.9895027875900269,0.00982086081057787,5.762316703796387,0.9999985694885254
9b2d3c08-a25e-4e22-8d31-560a64641d95,44,5cc39db8a5c183455342c266,1.3970801830291748,0.2643446922302246,0.25929832458496094,0.5813547968864441,0.7785820960998535
843c1c73-cc18-4dee-a357-4cb9a7c50af4,44,5cc39db8a5c183455342c266,2.0095760822296143,0.8020668625831604,0.553490400314331,0.09013856947422028,0.9974970817565918
ba126ff4-25be-43da-b0de-7fe91661e691,44,5cc39db8a5c183455342c266,1.127223014831543,1.6018368005752563,0.006705388426780701,1.6993693113327026,0.9784924983978271
db27dc94-d932-4e28-8014-bc744fb72edf,44,5cc39db8a5c183455342c266,0.7656851410865784,1.3960816860198975,0.4886208772659302,1.2622833251953125,0.9762812852859497
f9ca50f9-79cc-477c-ace5-a7945445930d,44,5cc39db8a5c183455342c266,1.403202772140503,0.7625521421432495,0.028750672936439514,0.1354837417602539,0.7164813280105591
48f3a935-2e5b-4cc0-9fac-b18ff9d31c2f,44,5cc39db8a5c183455342c266,1.3237724304199219,1.173512578010559,0.028815288096666336,0.0348476842045784,0.9233900308609009
ba126ff4-25be-43da-b0de-7fe91661e691,1,5cc39db8a5c183455342c266,0.8278855085372925,1.1296532154083252,0.010049277916550636,0.4492064416408539,0.9991730451583862
4a39cd6f-5a94-4115-a87f-f79748b4fe49,1,5cc39db8a5c183455342c266,0.8083856105804443,1.6241350173950195,0.010801589116454124,1.1435222625732422,0.9994885325431824
6d11061f-58d1-4bfd-9c86-d02e3ed906a8,1,5cc39db8a5c183455342c266,1.4343323707580566,1.1963962316513062,0.056383904069662094,0.0007239916012622416,0.957115888595581
7aafecef-9e70-43f6-91b8-34ef4d2ce88c,1,5cc39db8a5c183455342c266,1.8496440649032593,1.6324553489685059,0.01372669730335474,0.010116747580468655,0.9881467819213867
3542426c-dabd-4abb-a0d6-5e353761aae6,1,5cc39db8a5c183455342c266,1.2847187519073486,0.7555772066116333,1.6708682775497437,1.8225514888763428,0.9787454605102539
9b2d3c08-a25e-4e22-8d31-560a64641d95,1,5cc39db8a5c183455342c266,0.8242941498756409,0.4812086522579193,0.09468138962984085,0.8441202044487,0.7241653203964233
0282e7c6-b354-4ca7-8024-a38b3682f366,1,5cc39db8a5c183455342c266,1.3960407972335815,0.8520917296409607,0.13902325928211212,0.29494723677635193,0.5706828832626343
12c2e892-748d-43c2-9a37-b78b7278f235,1,5cc39db8a5c183455342c266,0.4936388432979584,1.382941722869873,0.0005556182586587965,0.0012669479474425316,0.5002492070198059
48f3a935-2e5b-4cc0-9fac-b18ff9d31c2f,1,5cc39db8a5c183455342c266,1.2242714166641235,0.456482470035553,0.01051456481218338,0.18288378417491913,0.9388943910598755
ba126ff4-25be-43da-b0de-7fe91661e691,38,5cc39db8a5c183455342c266,0.6290669441223145,0.7551208734512329,0.01650197058916092,1.2820476293563843,0.9980312585830688
4a39cd6f-5a94-4115-a87f-f79748b4fe49,38,5cc39db8a5c183455342c266,0.6384958028793335,1.373835802078247,0.11622069031000137,0.7111587524414062,0.9977434873580933
6d11061f-58d1-4bfd-9c86-d02e3ed906a8,38,5cc39db8a5c183455342c266,1.340816617012024,0.7986305952072144,0.10650843381881714,0.08005935698747635,0.9716247916221619
7aafecef-9e70-43f6-91b8-34ef4d2ce88c,38,5cc39db8a5c183455342c266,1.4157919883728027,1.1376359462738037,0.024868914857506752,0.009549334645271301,0.9922312498092651
64d3b848-f1ae-41f2-92ff-dfd780b17430,38,5cc39db8a5c183455342c266,1.3214417695999146,1.336743950843811,0.0008828202844597399,0.011995731852948666,0.507327675819397
f9ca50f9-79cc-477c-ace5-a7945445930d,38,5cc39db8a5c183455342c266,1.1519402265548706,1.352476954460144,0.07593369483947754,0.15856590867042542,0.7789482474327087
48f3a935-2e5b-4cc0-9fac-b18ff9d31c2f,38,5cc39db8a5c183455342c266,1.167066216468811,0.8056109547615051,0.015137125737965107,0.001218348159454763,0.8337424993515015
ba126ff4-25be-43da-b0de-7fe91661e691,14,5cc39db8a5c183455342c266,0.8375321626663208,1.5000864267349243,0.026674017310142517,2.8628151416778564,0.9956610202789307
4a39cd6f-5a94-4115-a87f-f79748b4fe49,14,5cc39db8a5c183455342c266,0.8170521259307861,1.6697382926940918,0.04369276016950607,1.2085988521575928,0.9974718689918518
6d11061f-58d1-4bfd-9c86-d02e3ed906a8,14,5cc39db8a5c183455342c266,1.4501876831054688,1.6273201704025269,0.05481361225247383,0.0027306750416755676,0.9503915309906006
7aafecef-9e70-43f6-91b8-34ef4d2ce88c,14,5cc39db8a5c183455342c266,1.9741486310958862,1.5366111993789673,0.04237127676606178,0.012810923159122467,0.9910602569580078
f9ca50f9-79cc-477c-ace5-a7945445930d,14,5cc39db8a5c183455342c266,1.4032853841781616,0.10216432064771652,0.0006008411874063313,0.011044359765946865,0.7031999826431274
9b2d3c08-a25e-4e22-8d31-560a64641d95,14,5cc39db8a5c183455342c266,0.7941620349884033,0.22120235860347748,0.5549856424331665,0.3736419677734375,0.983879566192627
48f3a935-2e5b-4cc0-9fac-b18ff9d31c2f,14,5cc39db8a5c183455342c266,1.041992425918579,0.5022047758102417,6.60388614051044e-05,0.16932129859924316,0.9732099771499634
ba126ff4-25be-43da-b0de-7fe91661e691,5,5cc39db8a5c183455342c266,0.8378304839134216,1.1352561712265015,0.07698405534029007,1.154168725013733,0.9931057095527649
4a39cd6f-5a94-4115-a87f-f79748b4fe49,5,5cc39db8a5c183455342c266,0.7978701591491699,1.7042335271835327,0.09423500299453735,1.4498485326766968,0.9959002733230591
6d11061f-58d1-4bfd-9c86-d02e3ed906a8,5,5cc39db8a5c183455342c266,1.4434632062911987,1.1949987411499023,0.09538359194993973,0.0075638736598193645,0.9480816721916199
7aafecef-9e70-43f6-91b8-34ef4d2ce88c,5,5cc39db8a5c183455342c266,2.003563642501831,1.5650464296340942,0.00796572957187891,0.01587044447660446,0.9890756607055664
9b2d3c08-a25e-4e22-8d31-560a64641d95,5,5cc39db8a5c183455342c266,0.7535056471824646,0.17038795351982117,0.2637045681476593,0.7927847504615784,0.9607682824134827
48f3a935-2e5b-4cc0-9fac-b18ff9d31c2f,5,5cc39db8a5c183455342c266,1.1030746698379517,0.4919993579387665,1.9222066839574836e-05,0.0973115935921669,0.9532073140144348
f9ca50f9-79cc-477c-ace5-a7945445930d,58,5cc39db8a5c183455342c266,1.1487312316894531,0.8469315767288208,0.002288126153871417,0.004988157656043768,0.8033289909362793
72751393-0adb-4eaa-9b30-9056bdf2f711,58,5cc39db8a5c183455342c266,1.3637181520462036,1.1439926624298096,0.06681782007217407,0.025932151824235916,0.9420562982559204
843c1c73-cc18-4dee-a357-4cb9a7c50af4,58,5cc39db8a5c183455342c266,1.1253607273101807,0.24956250190734863,0.04258556663990021,6.431273504858837e-05,0.9580637216567993
ff3904ab-39d1-4f5f-971b-35ddad84aa24,58,5cc39db8a5c183455342c266,1.475242018699646,0.7238414883613586,0.0007269970956258476,0.2656152844429016,0.9919600486755371
e2ca1a6e-89cd-497a-a8ad-e3777f9c86b7,58,5cc39db8a5c183455342c266,1.6814751625061035,0.8853122591972351,0.005193925462663174,0.003947440534830093,0.5589724779129028
f9ca50f9-79cc-477c-ace5-a7945445930d,50,5cc39db8a5c183455342c266,1.1319547891616821,1.3293429613113403,0.2435017079114914,0.06948824971914291,0.6190489530563354
72751393-0adb-4eaa-9b30-9056bdf2f711,50,5cc39db8a5c183455342c266,1.7075825929641724,1.9852378368377686,0.15585175156593323,0.8761861324310303,0.9746721386909485
843c1c73-cc18-4dee-a357-4cb9a7c50af4,50,5cc39db8a5c183455342c266,1.1642146110534668,1.3439161777496338,0.0034295713994652033,0.022892720997333527,0.9900895357131958
ff3904ab-39d1-4f5f-971b-35ddad84aa24,50,5cc39db8a5c183455342c266,1.103996992111206,1.431193470954895,0.6248010993003845,0.017504490911960602,0.978205144405365
e2ca1a6e-89cd-497a-a8ad-e3777f9c86b7,50,5cc39db8a5c183455342c266,1.3686333894729614,1.1947346925735474,0.008328150026500225,0.17021161317825317,0.9397712349891663
ba126ff4-25be-43da-b0de-7fe91661e691,50,5cc39db8a5c183455342c266,1.3356459140777588,1.4368290901184082,0.016288498416543007,0.26150691509246826,0.9720259308815002
4a39cd6f-5a94-4115-a87f-f79748b4fe49,50,5cc39db8a5c183455342c266,1.3481525182724,1.3243026733398438,0.025809304788708687,0.20539341866970062,0.9384391903877258
db27dc94-d932-4e28-8014-bc744fb72edf,50,5cc39db8a5c183455342c266,1.1440731287002563,1.3934390544891357,0.011186517775058746,3.71673846244812,0.9828447103500366
ba126ff4-25be-43da-b0de-7fe91661e691,43,5cc39db8a5c183455342c266,0.770995020866394,1.5608128309249878,0.0006645910907536745,1.5708565711975098,0.9908607006072998
4a39cd6f-5a94-4115-a87f-f79748b4fe49,43,5cc39db8a5c183455342c266,1.4090195894241333,2.4234628677368164,0.51996248960495,1.889251470565796,0.9929215312004089
6d11061f-58d1-4bfd-9c86-d02e3ed906a8,43,5cc39db8a5c183455342c266,1.2111493349075317,1.1911101341247559,0.02767017111182213,0.3371955454349518,0.9871587753295898
f9ca50f9-79cc-477c-ace5-a7945445930d,43,5cc39db8a5c183455342c266,0.8421996831893921,1.3873122930526733,0.06251946836709976,0.25149184465408325,0.7867964506149292
48f3a935-2e5b-4cc0-9fac-b18ff9d31c2f,43,5cc39db8a5c183455342c266,1.1282246112823486,0.7594483494758606,0.018566753715276718,0.06475862115621567,0.9666515588760376
64d3b848-f1ae-41f2-92ff-dfd780b17430,43,5cc39db8a5c183455342c266,1.3214718103408813,0.8060402870178223,0.002046475652605295,0.00035554077476263046,0.5364770293235779
f9ca50f9-79cc-477c-ace5-a7945445930d,47,5cc39db8a5c183455342c266,1.337166428565979,1.1854889392852783,0.030299628153443336,0.1568697690963745,0.6938234567642212
72751393-0adb-4eaa-9b30-9056bdf2f711,47,5cc39db8a5c183455342c266,1.3492035865783691,1.4376695156097412,0.5276513695716858,0.607520580291748,0.9986069202423096
843c1c73-cc18-4dee-a357-4cb9a7c50af4,47,5cc39db8a5c183455342c266,1.3252801895141602,1.233773112297058,0.49533191323280334,0.04943520203232765,0.9598524570465088
ff3904ab-39d1-4f5f-971b-35ddad84aa24,47,5cc39db8a5c183455342c266,0.9309715628623962,1.337691068649292,0.007457367610186338,0.04920496419072151,0.994987964630127
e2ca1a6e-89cd-497a-a8ad-e3777f9c86b7,47,5cc39db8a5c183455342c266,1.152955174446106,1.4366384744644165,0.005627471953630447,0.4516065716743469,0.9992929697036743
ba126ff4-25be-43da-b0de-7fe91661e691,47,5cc39db8a5c183455342c266,1.1250637769699097,1.2472821474075317,0.004722501616925001,0.6486140489578247,0.9784672260284424
db27dc94-d932-4e28-8014-bc744fb72edf,47,5cc39db8a5c183455342c266,1.244238018989563,1.3275728225708008,0.03789018839597702,0.9572486281394958,0.9700564742088318
47e867e0-9273-4f0d-868c-078411468ef4,47,5cc39db8a5c183455342c266,1.7627121210098267,1.3525891304016113,1.4567476511001587,1.2093404531478882,0.992963969707489
48f3a935-2e5b-4cc0-9fac-b18ff9d31c2f,47,5cc39db8a5c183455342c266,1.1310186386108398,0.8197190761566162,0.06847676634788513,0.01452615112066269,0.9511209726333618
f9ca50f9-79cc-477c-ace5-a7945445930d,60,5cc39db8a5c183455342c266,1.0547780990600586,1.5787795782089233,0.16676470637321472,0.3323953449726105,0.8032823801040649
72751393-0adb-4eaa-9b30-9056bdf2f711,60,5cc39db8a5c183455342c266,1.1247494220733643,1.3573685884475708,1.0453669347043615e-05,0.03302853927016258,0.9432953596115112
843c1c73-cc18-4dee-a357-4cb9a7c50af4,60,5cc39db8a5c183455342c266,0.7736111879348755,1.3228200674057007,0.0019533676095306873,2.7344649424776435e-05,0.731587290763855
ff3904ab-39d1-4f5f-971b-35ddad84aa24,60,5cc39db8a5c183455342c266,1.18332040309906,1.335196614265442,0.1100011020898819,0.16462670266628265,0.9715560674667358
ba126ff4-25be-43da-b0de-7fe91661e691,2,5cc39db8a5c183455342c266,0.8305420875549316,1.1483972072601318,0.037696339190006256,1.0317680835723877,0.9945545196533203
4a39cd6f-5a94-4115-a87f-f79748b4fe49,2,5cc39db8a5c183455342c266,0.7983204126358032,1.6732383966445923,0.0007862665806896985,1.2629090547561646,0.997933030128479
6d11061f-58d1-4bfd-9c86-d02e3ed906a8,2,5cc39db8a5c183455342c266,1.4822598695755005,1.1740549802780151,0.051178380846977234,0.001851161359809339,0.9388696551322937
7aafecef-9e70-43f6-91b8-34ef4d2ce88c,2,5cc39db8a5c183455342c266,2.0028040409088135,1.5580363273620605,0.016299569979310036,0.0066602337174117565,0.987515926361084
3542426c-dabd-4abb-a0d6-5e353761aae6,2,5cc39db8a5c183455342c266,1.2295243740081787,0.7752389311790466,0.9360177516937256,1.3358901739120483,0.9904170036315918
9b2d3c08-a25e-4e22-8d31-560a64641d95,2,5cc39db8a5c183455342c266,0.8363582491874695,0.7656968832015991,0.3454149067401886,0.6880464553833008,0.9419226050376892
0282e7c6-b354-4ca7-8024-a38b3682f366,2,5cc39db8a5c183455342c266,1.1350711584091187,0.8635029196739197,0.05411867797374725,0.02282315492630005,0.9164077043533325
48f3a935-2e5b-4cc0-9fac-b18ff9d31c2f,2,5cc39db8a5c183455342c266,1.2369167804718018,0.48161080479621887,0.03693625330924988,0.18999262154102325,0.9638257026672363
12c2e892-748d-43c2-9a37-b78b7278f235,2,5cc39db8a5c183455342c266,0.5711432099342346,1.3514901399612427,0.004231629427522421,0.0022408063523471355,0.5003538727760315
ba126ff4-25be-43da-b0de-7fe91661e691,20,5cc39db8a5c183455342c266,0.8664587140083313,1.126488447189331,0.005970317404717207,0.6275836229324341,0.9975970983505249
4a39cd6f-5a94-4115-a87f-f79748b4fe49,20,5cc39db8a5c183455342c266,0.8340031504631042,1.4630738496780396,0.001981887500733137,1.0785332918167114,0.999095618724823
6d11061f-58d1-4bfd-9c86-d02e3ed906a8,20,5cc39db8a5c183455342c266,1.450551986694336,1.2125506401062012,0.12842921912670135,0.018261903896927834,0.9498448967933655
7aafecef-9e70-43f6-91b8-34ef4d2ce88c,20,5cc39db8a5c183455342c266,1.7953855991363525,1.6976412534713745,0.023199835792183876,0.0010438204044476151,0.9876663684844971
f9ca50f9-79cc-477c-ace5-a7945445930d,20,5cc39db8a5c183455342c266,1.420591950416565,1.399056077003479,2.313767026862479e-06,0.0026090939063578844,0.5084424018859863
51662402-c847-498d-9ac7-83399ed34bf2,20,5cc39db8a5c183455342c266,1.3841536045074463,1.1379151344299316,0.0005971869104541838,0.010817804373800755,0.5001260042190552
48f3a935-2e5b-4cc0-9fac-b18ff9d31c2f,20,5cc39db8a5c183455342c266,1.2223381996154785,0.8118982911109924,0.034963905811309814,0.10302092880010605,0.9221400022506714
32889be6-1c0c-4491-a791-c95a286493c6,20,5cc39db8a5c183455342c266,1.1717712879180908,1.332853078842163,0.0036189809907227755,0.00023263135517481714,0.5307487845420837
ba126ff4-25be-43da-b0de-7fe91661e691,37,5cc39db8a5c183455342c266,0.526573896408081,1.468342900276184,0.03677196800708771,3.102480411529541,0.9921343922615051
4a39cd6f-5a94-4115-a87f-f79748b4fe49,37,5cc39db8a5c183455342c266,0.8173931837081909,1.4760063886642456,0.09657519310712814,1.5389071702957153,0.9986639022827148
6d11061f-58d1-4bfd-9c86-d02e3ed906a8,37,5cc39db8a5c183455342c266,1.4059503078460693,1.1955393552780151,0.08198335021734238,0.06475524604320526,0.9043779969215393
7aafecef-9e70-43f6-91b8-34ef4d2ce88c,37,5cc39db8a5c183455342c266,1.9047833681106567,1.590839147567749,0.07432585209608078,0.01605892740190029,0.9856651425361633
64d3b848-f1ae-41f2-92ff-dfd780b17430,37,5cc39db8a5c183455342c266,1.1302083730697632,1.3720932006835938,0.059220246970653534,0.6373223662376404,0.8626174926757812
f9ca50f9-79cc-477c-ace5-a7945445930d,37,5cc39db8a5c183455342c266,1.20216965675354,1.2476370334625244,0.09256588667631149,0.1311875432729721,0.7465465664863586
48f3a935-2e5b-4cc0-9fac-b18ff9d31c2f,37,5cc39db8a5c183455342c266,1.2415709495544434,0.7930886149406433,0.007504008244723082,0.05409335717558861,0.9293651580810547
f9ca50f9-79cc-477c-ace5-a7945445930d,48,5cc39db8a5c183455342c266,1.3709479570388794,1.1308202743530273,0.03664263337850571,0.29985636472702026,0.7296421527862549
72751393-0adb-4eaa-9b30-9056bdf2f711,48,5cc39db8a5c183455342c266,1.4938801527023315,0.9233061671257019,0.21698161959648132,0.2508053481578827,0.9991176128387451
843c1c73-cc18-4dee-a357-4cb9a7c50af4,48,5cc39db8a5c183455342c266,0.5471482872962952,1.1246141195297241,0.24228425323963165,0.01429942436516285,0.9950840473175049
ff3904ab-39d1-4f5f-971b-35ddad84aa24,48,5cc39db8a5c183455342c266,1.1639965772628784,1.2305948734283447,0.017976677045226097,0.02303641103208065,0.981194257736206
e2ca1a6e-89cd-497a-a8ad-e3777f9c86b7,48,5cc39db8a5c183455342c266,1.4759891033172607,0.8415065407752991,0.008712594397366047,0.0025928658433258533,0.9463307857513428
ba126ff4-25be-43da-b0de-7fe91661e691,48,5cc39db8a5c183455342c266,0.8152679204940796,1.409388542175293,0.008708925917744637,0.22907935082912445,0.9447847008705139
db27dc94-d932-4e28-8014-bc744fb72edf,48,5cc39db8a5c183455342c266,1.6601409912109375,1.3917183876037598,0.009002597071230412,0.2900354266166687,0.9327288866043091
47e867e0-9273-4f0d-868c-078411468ef4,48,5cc39db8a5c183455342c266,2.0729494094848633,1.433773398399353,0.0955052375793457,1.3089314699172974,0.9931395053863525
ba126ff4-25be-43da-b0de-7fe91661e691,23,5cc39db8a5c183455342c266,0.8858062028884888,1.4679676294326782,0.08767640590667725,3.3268282413482666,0.9939755201339722
4a39cd6f-5a94-4115-a87f-f79748b4fe49,23,5cc39db8a5c183455342c266,0.8403085470199585,1.69286048412323,0.09030714631080627,1.447668194770813,0.9977725744247437
6d11061f-58d1-4bfd-9c86-d02e3ed906a8,23,5cc39db8a5c183455342c266,1.4332523345947266,1.1933072805404663,0.08566946536302567,0.03576541319489479,0.9487082362174988
7aafecef-9e70-43f6-91b8-34ef4d2ce88c,23,5cc39db8a5c183455342c266,1.852831482887268,1.5770366191864014,0.016896851360797882,0.013067618943750858,0.9878860712051392
4c7cbc1f-53d5-455f-998a-e2b53eb50880,23,5cc39db8a5c183455342c266,1.4288445711135864,0.9956234693527222,0.08921467512845993,1.374311089515686,0.9767272472381592
f9ca50f9-79cc-477c-ace5-a7945445930d,23,5cc39db8a5c183455342c266,1.4762049913406372,1.3454704284667969,0.010327402502298355,0.05096406489610672,0.5284910798072815
48f3a935-2e5b-4cc0-9fac-b18ff9d31c2f,23,5cc39db8a5c183455342c266,1.1948975324630737,0.7839776873588562,0.0008122336585074663,0.03550338000059128,0.9245018362998962
51662402-c847-498d-9ac7-83399ed34bf2,23,5cc39db8a5c183455342c266,0.8714314699172974,1.1388522386550903,0.03050200268626213,0.04090699553489685,0.5320454239845276
ba126ff4-25be-43da-b0de-7fe91661e691,24,5cc39db8a5c183455342c266,0.8538707494735718,1.5166387557983398,0.1124727800488472,3.425869941711426,0.9882230758666992
4a39cd6f-5a94-4115-a87f-f79748b4fe49,24,5cc39db8a5c183455342c266,0.7859632968902588,1.6309692859649658,0.009253040887415409,1.201546549797058,0.9956369400024414
6d11061f-58d1-4bfd-9c86-d02e3ed906a8,24,5cc39db8a5c183455342c266,1.4372411966323853,1.1726607084274292,0.06533639132976532,0.057919878512620926,0.9422866106033325
7aafecef-9e70-43f6-91b8-34ef4d2ce88c,24,5cc39db8a5c183455342c266,1.9129403829574585,1.558638334274292,0.017117813229560852,0.04192142188549042,0.9903994798660278
f9ca50f9-79cc-477c-ace5-a7945445930d,24,5cc39db8a5c183455342c266,1.4759083986282349,1.3736696243286133,0.009107541292905807,0.03275503218173981,0.5446819067001343
48f3a935-2e5b-4cc0-9fac-b18ff9d31c2f,24,5cc39db8a5c183455342c266,1.1775538921356201,0.7797248959541321,8.446603897027671e-05,0.03347387909889221,0.96021968126297
7217696a-2c1e-4f42-af9f-465717765ded,28,5cc39db8a5c183455342c266,1.2617344856262207,0.9699307680130005,0.0022932072170078754,0.0007800636813044548,0.5010168552398682
6d11061f-58d1-4bfd-9c86-d02e3ed906a8,28,5cc39db8a5c183455342c266,1.442474603652954,1.1605322360992432,0.062205761671066284,0.008263299241662025,0.9547605514526367
7aafecef-9e70-43f6-91b8-34ef4d2ce88c,28,5cc39db8a5c183455342c266,1.8928061723709106,1.5821008682250977,0.00817082542926073,0.0010518685448914766,0.9867186546325684
f9ca50f9-79cc-477c-ace5-a7945445930d,28,5cc39db8a5c183455342c266,1.5611939430236816,1.160301923751831,0.009693998843431473,0.05774354934692383,0.6195566058158875
48f3a935-2e5b-4cc0-9fac-b18ff9d31c2f,28,5cc39db8a5c183455342c266,1.2621291875839233,0.7571844458580017,0.06836631149053574,0.0033806313294917345,0.9652513265609741
33bda45a-25ee-4e50-9d28-7ee243c90207,28,5cc39db8a5c183455342c266,1.3476872444152832,1.5086750984191895,0.0006097045843489468,0.01148174423724413,0.5001024603843689
33bda45a-25ee-4e50-9d28-7ee243c90207,27,5cc39db8a5c183455342c266,1.3684899806976318,1.1222487688064575,0.005124170333147049,0.0017203439492732286,0.5008871555328369
ba126ff4-25be-43da-b0de-7fe91661e691,27,5cc39db8a5c183455342c266,0.861513078212738,1.4769859313964844,0.052617114037275314,3.0418472290039062,0.9954568147659302
4a39cd6f-5a94-4115-a87f-f79748b4fe49,27,5cc39db8a5c183455342c266,0.8186861276626587,1.5001633167266846,0.019936300814151764,1.315242052078247,0.9988207817077637
6d11061f-58d1-4bfd-9c86-d02e3ed906a8,27,5cc39db8a5c183455342c266,1.4150959253311157,1.1835780143737793,0.08673004060983658,0.03460192307829857,0.9387407898902893
7aafecef-9e70-43f6-91b8-34ef4d2ce88c,27,5cc39db8a5c183455342c266,1.8887277841567993,1.6568766832351685,0.0028188545256853104,0.01604941301047802,0.983421802520752
f9ca50f9-79cc-477c-ace5-a7945445930d,27,5cc39db8a5c183455342c266,1.5556392669677734,1.1345514059066772,0.006897567305713892,0.05374734103679657,0.8203182220458984
48f3a935-2e5b-4cc0-9fac-b18ff9d31c2f,27,5cc39db8a5c183455342c266,1.2270880937576294,0.7885761857032776,0.014049135148525238,0.05336350202560425,0.9598534107208252
ba126ff4-25be-43da-b0de-7fe91661e691,33,5cc39db8a5c183455342c266,0.8240625858306885,1.4958468675613403,0.04756798595190048,2.9896044731140137,0.9933778047561646
4a39cd6f-5a94-4115-a87f-f79748b4fe49,33,5cc39db8a5c183455342c266,0.8165422677993774,1.386722207069397,0.034907326102256775,0.9534749388694763,0.9983762502670288
6d11061f-58d1-4bfd-9c86-d02e3ed906a8,33,5cc39db8a5c183455342c266,1.4087847471237183,1.197953224182129,0.09426295012235641,0.044933270663022995,0.9240339994430542
7aafecef-9e70-43f6-91b8-34ef4d2ce88c,33,5cc39db8a5c183455342c266,1.9352554082870483,1.6208224296569824,0.015536034479737282,0.006452671717852354,0.9848018884658813
f9ca50f9-79cc-477c-ace5-a7945445930d,33,5cc39db8a5c183455342c266,1.18868887424469,1.2332018613815308,0.0014531678752973676,0.13434816896915436,0.6892472505569458
48f3a935-2e5b-4cc0-9fac-b18ff9d31c2f,33,5cc39db8a5c183455342c266,1.2111597061157227,0.823092520236969,0.028706930577754974,0.08658000826835632,0.9249799251556396
ba126ff4-25be-43da-b0de-7fe91661e691,12,5cc39db8a5c183455342c266,0.853557288646698,1.4944967031478882,0.046721961349248886,2.990788221359253,0.994540810585022
4a39cd6f-5a94-4115-a87f-f79748b4fe49,12,5cc39db8a5c183455342c266,0.8127619624137878,1.6599609851837158,0.08475923538208008,1.274126648902893,0.996737003326416
6d11061f-58d1-4bfd-9c86-d02e3ed906a8,12,5cc39db8a5c183455342c266,1.4702714681625366,1.5953103303909302,0.05710132047533989,0.00015684966638218611,0.9543743133544922
7aafecef-9e70-43f6-91b8-34ef4d2ce88c,12,5cc39db8a5c183455342c266,1.9405415058135986,1.552134394645691,0.01068116631358862,0.006727126892656088,0.98777836561203
9b2d3c08-a25e-4e22-8d31-560a64641d95,12,5cc39db8a5c183455342c266,0.7580983638763428,0.2058010995388031,0.4043651223182678,0.3427526652812958,0.9802772998809814
48f3a935-2e5b-4cc0-9fac-b18ff9d31c2f,12,5cc39db8a5c183455342c266,1.160685658454895,0.4868025481700897,0.0012750743189826608,0.16926881670951843,0.945203423500061
f9ca50f9-79cc-477c-ace5-a7945445930d,12,5cc39db8a5c183455342c266,1.1686750650405884,1.3214794397354126,7.513696618843824e-05,0.0006065416382625699,0.5003706812858582
f9ca50f9-79cc-477c-ace5-a7945445930d,10,5cc39db8a5c183455342c266,1.247139811515808,1.1202054023742676,0.005880937445908785,1.9944289306295104e-05,0.5024974346160889
ba126ff4-25be-43da-b0de-7fe91661e691,10,5cc39db8a5c183455342c266,0.8614324331283569,1.4952350854873657,0.03061584383249283,2.943835735321045,0.995570182800293
4a39cd6f-5a94-4115-a87f-f79748b4fe49,10,5cc39db8a5c183455342c266,0.8415618538856506,1.5604065656661987,0.05007584020495415,1.3268046379089355,0.9974554777145386
6d11061f-58d1-4bfd-9c86-d02e3ed906a8,10,5cc39db8a5c183455342c266,1.4614930152893066,1.5848336219787598,0.044849950820207596,0.00032249640207737684,0.9639931321144104
7aafecef-9e70-43f6-91b8-34ef4d2ce88c,10,5cc39db8a5c183455342c266,1.9071135520935059,1.5378602743148804,0.03158741816878319,0.010033268481492996,0.9895850419998169
9b2d3c08-a25e-4e22-8d31-560a64641d95,10,5cc39db8a5c183455342c266,0.7855856418609619,0.1720413863658905,0.3861829340457916,0.35116076469421387,0.9820026755332947
4c7cbc1f-53d5-455f-998a-e2b53eb50880,10,5cc39db8a5c183455342c266,1.1759073734283447,0.7536646723747253,0.6774039268493652,0.34963908791542053,0.8151563405990601
ba126ff4-25be-43da-b0de-7fe91661e691,36,5cc39db8a5c183455342c266,0.5742097496986389,1.1277480125427246,0.006602436304092407,1.0907963514328003,0.9948525428771973
4a39cd6f-5a94-4115-a87f-f79748b4fe49,36,5cc39db8a5c183455342c266,0.8081246018409729,1.4542114734649658,0.01005347166210413,1.1970571279525757,0.9991258382797241
6d11061f-58d1-4bfd-9c86-d02e3ed906a8,36,5cc39db8a5c183455342c266,1.4207850694656372,1.1630600690841675,0.11338289827108383,0.06300172209739685,0.9554198980331421
7aafecef-9e70-43f6-91b8-34ef4d2ce88c,36,5cc39db8a5c183455342c266,1.9353407621383667,1.5719202756881714,0.011492080055177212,0.02663264609873295,0.9864760637283325
f9ca50f9-79cc-477c-ace5-a7945445930d,36,5cc39db8a5c183455342c266,1.1824445724487305,1.2735579013824463,0.12252655625343323,0.13384856283664703,0.6929948329925537
48f3a935-2e5b-4cc0-9fac-b18ff9d31c2f,36,5cc39db8a5c183455342c266,1.203254222869873,0.7950900197029114,0.01062525250017643,0.043760161846876144,0.9635377526283264
f9ca50f9-79cc-477c-ace5-a7945445930d,45,5cc39db8a5c183455342c266,1.4841649532318115,0.7546202540397644,0.1838034689426422,0.194208025932312,0.6466512680053711
843c1c73-cc18-4dee-a357-4cb9a7c50af4,45,5cc39db8a5c183455342c266,0.4446742534637451,0.9059991240501404,0.2471313327550888,0.05162942036986351,0.9897584319114685
ba126ff4-25be-43da-b0de-7fe91661e691,45,5cc39db8a5c183455342c266,1.3231686353683472,1.380731463432312,0.008372649550437927,1.2481982707977295,0.961395263671875
db27dc94-d932-4e28-8014-bc744fb72edf,45,5cc39db8a5c183455342c266,1.5821970701217651,1.4465889930725098,0.16690556704998016,0.8392943739891052,0.9590320587158203
5bd42f85-c11f-4830-b5b0-a993a27c01ca,45,5cc39db8a5c183455342c266,1.3185453414916992,1.4448981285095215,0.0033817298244684935,0.9972217679023743,0.9998944401741028
48f3a935-2e5b-4cc0-9fac-b18ff9d31c2f,45,5cc39db8a5c183455342c266,1.474633812904358,0.7704984545707703,3.1230774766299874e-05,0.08037303388118744,0.9845629930496216
ba126ff4-25be-43da-b0de-7fe91661e691,3,5cc39db8a5c183455342c266,0.8181291222572327,1.1522468328475952,0.04424789920449257,1.1279466152191162,0.994257926940918
4a39cd6f-5a94-4115-a87f-f79748b4fe49,3,5cc39db8a5c183455342c266,0.7989798784255981,1.718017816543579,0.03591896593570709,1.3552230596542358,0.997196614742279
6d11061f-58d1-4bfd-9c86-d02e3ed906a8,3,5cc39db8a5c183455342c266,1.4903863668441772,1.181695580482483,0.05276596173644066,0.000904311309568584,0.9565228223800659
7aafecef-9e70-43f6-91b8-34ef4d2ce88c,3,5cc39db8a5c183455342c266,1.932166576385498,1.5376735925674438,0.042837243527173996,0.009526912122964859,0.9899945855140686
3542426c-dabd-4abb-a0d6-5e353761aae6,3,5cc39db8a5c183455342c266,1.2695295810699463,0.7553902864456177,1.8384253978729248,1.8640828132629395,0.9478923082351685
9b2d3c08-a25e-4e22-8d31-560a64641d95,3,5cc39db8a5c183455342c266,0.7640882134437561,0.30145755410194397,0.17218312621116638,0.7128798365592957,0.7743260860443115
0282e7c6-b354-4ca7-8024-a38b3682f366,3,5cc39db8a5c183455342c266,1.2077075242996216,0.3712689280509949,0.19637052714824677,0.17711235582828522,0.9331502914428711
48f3a935-2e5b-4cc0-9fac-b18ff9d31c2f,3,5cc39db8a5c183455342c266,1.141583800315857,1.638670802116394,0.015557638369500637,0.446987122297287,0.998630940914154
12c2e892-748d-43c2-9a37-b78b7278f235,3,5cc39db8a5c183455342c266,1.133162498474121,1.3181936740875244,0.007652228698134422,0.013557635247707367,0.5000274777412415
2d3c17bb-952f-431d-b75d-fd39d0803f82,7,5cc39db8a5c183455342c266,0.582533597946167,1.1273514032363892,0.01126100029796362,0.0015730998711660504,0.5036746263504028
ba126ff4-25be-43da-b0de-7fe91661e691,7,5cc39db8a5c183455342c266,0.8433936238288879,1.5300978422164917,0.028281325474381447,2.928192377090454,0.992499053478241
4a39cd6f-5a94-4115-a87f-f79748b4fe49,7,5cc39db8a5c183455342c266,0.7961503267288208,1.8002177476882935,0.08396203070878983,1.5057674646377563,0.9954123497009277
6d11061f-58d1-4bfd-9c86-d02e3ed906a8,7,5cc39db8a5c183455342c266,1.4619463682174683,1.645772099494934,0.07813463360071182,0.001340855727903545,0.9418444633483887
7aafecef-9e70-43f6-91b8-34ef4d2ce88c,7,5cc39db8a5c183455342c266,1.9397939443588257,1.6532670259475708,0.002237319014966488,0.008003558032214642,0.9805419445037842
9b2d3c08-a25e-4e22-8d31-560a64641d95,7,5cc39db8a5c183455342c266,0.7572013735771179,0.1965261995792389,0.34246644377708435,0.6351051926612854,0.9839162230491638
4c7cbc1f-53d5-455f-998a-e2b53eb50880,7,5cc39db8a5c183455342c266,1.2940727472305298,1.1580817699432373,0.71172696352005,0.13961130380630493,0.7535967826843262
48f3a935-2e5b-4cc0-9fac-b18ff9d31c2f,7,5cc39db8a5c183455342c266,1.213220477104187,0.44361573457717896,0.0009407936595380306,0.0953131765127182,0.9415229558944702
f9ca50f9-79cc-477c-ace5-a7945445930d,7,5cc39db8a5c183455342c266,1.3439306020736694,1.3864308595657349,0.0011288258247077465,0.04083647206425667,0.5563952922821045
ba126ff4-25be-43da-b0de-7fe91661e691,11,5cc39db8a5c183455342c266,0.8302923440933228,1.5123014450073242,0.05450810492038727,3.158655881881714,0.9943146705627441
4a39cd6f-5a94-4115-a87f-f79748b4fe49,11,5cc39db8a5c183455342c266,0.8266040086746216,1.7493540048599243,0.09156329929828644,1.5113511085510254,0.9967748522758484
6d11061f-58d1-4bfd-9c86-d02e3ed906a8,11,5cc39db8a5c183455342c266,1.4581434726715088,1.5920294523239136,0.06353320926427841,0.002051239600405097,0.9596219062805176
7aafecef-9e70-43f6-91b8-34ef4d2ce88c,11,5cc39db8a5c183455342c266,1.9038420915603638,1.5253602266311646,0.009265824221074581,0.014165675267577171,0.9900518655776978
9b2d3c08-a25e-4e22-8d31-560a64641d95,11,5cc39db8a5c183455342c266,0.7682374715805054,0.18312174081802368,0.37495559453964233,0.360826700925827,0.9790785908699036
48f3a935-2e5b-4cc0-9fac-b18ff9d31c2f,11,5cc39db8a5c183455342c266,1.25346040725708,0.446984201669693,0.018326496705412865,0.19008073210716248,0.9424289464950562
f9ca50f9-79cc-477c-ace5-a7945445930d,11,5cc39db8a5c183455342c266,0.8574212193489075,0.19622832536697388,0.0035329300444573164,0.016248341649770737,0.5395110845565796
